epoch,acc,loss,lr,val_acc,val_loss
0,0.0004670714820521574,2.072249701790362,0.001,0.0,1.7714763992717815
