epoch,acc,loss,lr,val_acc,val_loss
0,0.00014961101694388134,1.758377971654877,0.001,0.0,1.4960554992182973
